metric,correlation,slope,intercept
LZW,-0.731665,-0.914731,1.194688
LZSS,-0.38999,-0.786433,1.06558
