metric,correlation,slope,intercept
LZW,-0.97751,-1.252202,1.306318
LZSS,-0.91192,-1.009177,1.204058
