metric,correlation,slope,intercept
LZW,-0.892051,-1.176244,1.292698
LZSS,-0.828946,-0.928195,1.168895
