metric,correlation,slope,intercept
LZW,-0.133378,-0.40157,0.927518
LZSS,0.104788,0.370191,0.621681
